{"stat.chestOpened":5,"stat.pickup.minecraft.pumpkin":6,"stat.walkOneCm":124874,"stat.pickup.minecraft.stick":9,"stat.leaveGame":1,"stat.pickup.minecraft.crafting_table":2,"stat.craftItem.minecraft.cooked_porkchop":4,"stat.mineBlock.minecraft.pumpkin":7,"stat.craftItem.minecraft.crafting_table":2,"stat.furnaceInteraction":6,"stat.mineBlock.minecraft.yellow_flower":1,"stat.mineBlock.minecraft.double_plant":1,"stat.useItem.minecraft.cooked_porkchop":2,"stat.mineBlock.minecraft.coal_ore":52,"stat.pickup.minecraft.gold_nugget":41,"stat.pickup.animania.wool":1,"stat.pickup.minecraft.log":10,"stat.jump":391,"stat.swimOneCm":4570,"stat.pickup.minecraft.coal":54,"stat.fallOneCm":6790,"stat.pickup.minecraft.furnace":1,"stat.pickup.minecraft.porkchop":3,"stat.pickup.minecraft.stone":1,"stat.crouchOneCm":2027,"stat.craftItem.minecraft.torch":12,"stat.craftItem.minecraft.iron_ingot":3,"stat.pickup.minecraft.sapling":4,"stat.pickup.minecraft.dirt":17,"stat.useItem.minecraft.dirt":1,"stat.sprintOneCm":79602,"stat.useItem.minecraft.stone_slab2":6,"achievement.manuscript":8100,"achievement.exploreAllBiomes":{"value":0,"progress":["Birch Forest Hills","ForestHills","Birch Forest","River","Forest","Plains","Extreme Hills"]},"stat.craftItem.minecraft.stick":8,"stat.craftingTableInteraction":5,"stat.craftItem.minecraft.furnace":1,"stat.mineBlock.iceandfire.goldpile":8,"achievement.openInventory":5,"stat.craftItem.minecraft.planks":40,"stat.drop.minecraft.crafting_table":1,"stat.mineBlock.minecraft.crafting_table":1,"stat.damageTaken":392,"stat.mineBlock.minecraft.furnace":1,"stat.craftItem.minecraft.stone_pickaxe":1,"stat.useItem.minecraft.wooden_pickaxe":78,"stat.pickup.minecraft.cobblestone":83,"stat.mobKills":3,"stat.craftItem.minecraft.wooden_sword":1,"stat.mineBlock.minecraft.log":10,"stat.flyOneCm":26253,"stat.deaths":1,"stat.drop":1,"stat.pickup.minecraft.wheat_seeds":1,"stat.mineBlock.minecraft.leaves":43,"stat.playOneMinute":34121,"stat.useItem.minecraft.wooden_sword":28,"stat.useItem.minecraft.stone_pickaxe":65,"stat.pickup.minecraft.red_flower":2,"stat.sneakTime":327,"stat.damageDealt":644,"stat.timeSinceDeath":1050,"stat.pickup.minecraft.yellow_flower":1,"stat.mineBlock.minecraft.dirt":17,"stat.craftItem.minecraft.wooden_pickaxe":2,"stat.mineBlock.minecraft.stone":78,"stat.mineBlock.minecraft.tallgrass":11,"stat.diveOneCm":3076,"stat.pickup.minecraft.mutton":1}