{"stat.chestOpened":5,"stat.pickup.minecraft.pumpkin":12,"stat.leaveGame":2,"stat.craftItem.minecraft.cooked_porkchop":4,"stat.mineBlock.minecraft.pumpkin":7,"stat.pickup.minecraft.stone_pickaxe":1,"stat.mineBlock.minecraft.yellow_flower":1,"stat.pickup.minecraft.gold_nugget":110,"stat.pickup.gravestone.death_info":1,"stat.pickup.animania.wool":2,"stat.jump":418,"stat.swimOneCm":6174,"stat.pickup.minecraft.coal":105,"stat.fallOneCm":6790,"stat.pickup.minecraft.iron_ingot":16,"stat.pickup.minecraft.cooked_porkchop":2,"stat.pickup.minecraft.porkchop":4,"stat.crouchOneCm":2027,"stat.craftItem.minecraft.torch":12,"stat.craftItem.minecraft.iron_ingot":3,"stat.pickup.minecraft.dirt":32,"stat.useItem.minecraft.dirt":1,"stat.useItem.minecraft.stone_slab2":7,"achievement.exploreAllBiomes":{"value":0,"progress":["Birch Forest Hills","ForestHills","Birch Forest","River","Forest","Plains","Extreme Hills"]},"stat.craftingTableInteraction":5,"stat.pickup.minecraft.sand":1,"stat.craftItem.minecraft.furnace":1,"stat.pickup.minecraft.wooden_pickaxe":1,"stat.damageTaken":632,"stat.mineBlock.minecraft.furnace":1,"stat.craftItem.minecraft.stone_pickaxe":1,"stat.useItem.minecraft.wooden_pickaxe":78,"stat.pickup.minecraft.cobblestone":155,"stat.craftItem.minecraft.wooden_sword":1,"stat.pickup.minecraft.planks":16,"stat.flyOneCm":93693,"stat.pickup.minecraft.wheat_seeds":2,"stat.mineBlock.minecraft.sand":1,"stat.useItem.minecraft.stone_pickaxe":65,"stat.damageDealt":680,"stat.timeSinceDeath":18859,"stat.mineBlock.minecraft.dirt":17,"stat.craftItem.minecraft.wooden_pickaxe":2,"stat.pickup.minecraft.mutton":2,"stat.walkOneCm":144818,"stat.pickup.minecraft.stick":16,"stat.pickup.minecraft.crafting_table":2,"stat.craftItem.minecraft.crafting_table":2,"stat.furnaceInteraction":6,"stat.mineBlock.minecraft.double_plant":1,"stat.useItem.minecraft.cooked_porkchop":2,"stat.mineBlock.minecraft.coal_ore":52,"stat.pickup.minecraft.wooden_sword":1,"stat.pickup.minecraft.log":10,"stat.pickup.iceandfire.manuscript":6,"stat.pickup.minecraft.furnace":2,"stat.pickup.minecraft.stone":2,"stat.pickup.minecraft.sapling":8,"stat.sprintOneCm":79602,"achievement.manuscript":23406,"stat.craftItem.minecraft.stick":8,"stat.mineBlock.iceandfire.goldpile":8,"achievement.openInventory":11,"stat.craftItem.minecraft.planks":40,"stat.drop.minecraft.crafting_table":1,"stat.mineBlock.minecraft.crafting_table":1,"stat.mobKills":3,"stat.pickup.minecraft.book":3,"stat.mineBlock.minecraft.log":10,"stat.deaths":2,"stat.drop":1,"stat.mineBlock.minecraft.leaves":43,"stat.playOneMinute":53446,"stat.useItem.minecraft.wooden_sword":28,"stat.pickup.minecraft.torch":12,"stat.pickup.minecraft.red_flower":4,"stat.sneakTime":331,"stat.pickup.evilcraft.werewolf_flesh":2,"evilcraft.first_age":1,"stat.pickup.minecraft.yellow_flower":2,"stat.mineBlock.minecraft.stone":78,"stat.mineBlock.minecraft.tallgrass":11,"stat.diveOneCm":3076}