{"stat.chestOpened":7,"stat.pickup.minecraft.pumpkin":4,"stat.walkOneCm":85116,"stat.useItem.minecraft.torch":3,"stat.useItem.minecraft.stone":3,"stat.leaveGame":1,"stat.useItem.minecraft.log":4,"stat.pickup.minecraft.crafting_table":2,"stat.craftItem.minecraft.cooked_porkchop":3,"stat.mineBlock.minecraft.pumpkin":3,"stat.useItem.minecraft.cobblestone":22,"stat.craftItem.minecraft.crafting_table":2,"stat.furnaceInteraction":20,"stat.mineBlock.minecraft.double_plant":1,"stat.useItem.minecraft.cooked_porkchop":3,"stat.mineBlock.minecraft.coal_ore":51,"stat.pickup.minecraft.log":37,"stat.jump":604,"stat.swimOneCm":1254,"stat.pickup.minecraft.coal":47,"stat.fallOneCm":13538,"stat.craftItem.minecraft.shield":1,"stat.pickup.minecraft.furnace":2,"achievement.buildWorkBench":2,"stat.craftItem.minecraft.stone_slab2":0,"stat.pickup.minecraft.porkchop":5,"stat.pickup.minecraft.stone":37,"stat.crouchOneCm":2593,"stat.pickup.minecraft.chicken":2,"stat.mineBlock.minecraft.wool":1,"achievement.buildSword":2,"achievement.mineWood":35,"stat.craftItem.minecraft.iron_ingot":6,"stat.craftItem.minecraft.torch":4,"stat.pickup.minecraft.sapling":3,"stat.pickup.minecraft.dirt":12,"stat.useItem.minecraft.dirt":10,"stat.sprintOneCm":64355,"stat.useItem.minecraft.stone_slab2":12,"achievement.exploreAllBiomes":{"value":0,"progress":["Birch Forest Hills","ForestHills","Roofed Forest","Birch Forest","River","Forest","Plains","Extreme Hills"]},"stat.craftItem.minecraft.stick":24,"stat.craftItem.minecraft.wooden_axe":1,"stat.useItem.minecraft.cooked_chicken":2,"stat.craftingTableInteraction":13,"stat.pickup.minecraft.iron_ore":9,"stat.pickup.animania.raw_frog_legs":1,"stat.craftItem.minecraft.furnace":1,"achievement.openInventory":25,"stat.craftItem.minecraft.planks":132,"stat.pickup.animania.raw_prime_chicken":1,"stat.damageTaken":446,"stat.mineBlock.minecraft.crafting_table":2,"stat.pickup.minecraft.feather":3,"stat.craftItem.minecraft.stone_pickaxe":1,"stat.mineBlock.minecraft.furnace":2,"stat.useItem.minecraft.wooden_pickaxe":59,"stat.mobKills":6,"stat.pickup.minecraft.cobblestone":132,"stat.craftItem.minecraft.wooden_sword":1,"stat.mineBlock.minecraft.log":37,"stat.craftItem.minecraft.cooked_chicken":2,"achievement.buildFurnace":1,"stat.flyOneCm":51610,"achievement.acquireIron":5,"stat.pickup.minecraft.wheat_seeds":2,"achievement.buildPickaxe":3,"stat.mineBlock.minecraft.leaves":35,"stat.playOneMinute":33813,"stat.useItem.minecraft.wooden_sword":6,"stat.useItem.minecraft.stone_pickaxe":131,"stat.pickup.minecraft.red_flower":1,"stat.sneakTime":996,"stat.craftItem.minecraft.iron_pickaxe":1,"stat.pickup.minecraft.wool":1,"stat.damageDealt":590,"achievement.buildBetterPickaxe":2,"stat.pickup.minecraft.redstone":2,"stat.mineBlock.minecraft.iron_ore":9,"stat.timeSinceDeath":33813,"stat.useItem.minecraft.wooden_axe":35,"stat.mineBlock.minecraft.dirt":12,"stat.useItem.minecraft.iron_pickaxe":64,"stat.craftItem.minecraft.wooden_pickaxe":1,"stat.mineBlock.minecraft.stone":193,"stat.mineBlock.minecraft.tallgrass":16,"stat.diveOneCm":6410,"stat.craftItem.minecraft.iron_sword":1}